"Timestamp","User Count","Type","Name","Requests/s","Failures/s","50%","66%","75%","80%","90%","95%","98%","99%","99.9%","99.99%","99.999%","100%","Total Request Count","Total Failure Count","Total Median Response Time","Total Average Response Time","Total Min Response Time","Total Max Response Time","Total Average Content Size"
"1592132935","0","","Aggregated",0.00,0.00,"N/A","N/A","N/A","N/A","N/A","N/A","N/A","N/A","N/A","N/A","N/A","N/A",0,0,0,0,0,0,0
"1592132937","20","","Aggregated",0.00,0.00,250,250,250,250,250,250,250,250,250,250,250,250,20,0,72,76,16,249,134
"1592132939","20","","Aggregated",0.00,0.00,250,250,250,250,250,250,250,250,250,250,250,250,20,0,72,76,16,249,134
"1592132941","20","","Aggregated",5.00,0.00,250,250,250,250,250,250,250,250,250,250,250,250,21,0,72,74,16,249,133
"1592132943","20","","Aggregated",4.00,0.00,200,200,250,250,250,250,250,250,250,250,250,250,22,0,72,80,16,249,127
"1592132945","30","","Aggregated",2.75,0.00,40,41,200,250,260,260,260,260,260,260,260,260,29,0,62,75,6,256,124
"1592132947","40","","Aggregated",2.60,0.00,130,150,150,160,250,310,380,380,380,380,380,380,53,0,79,100,6,375,124
"1592132949","40","","Aggregated",3.20,0.00,120,140,150,150,200,310,380,380,380,380,380,380,57,0,73,95,6,375,126
"1592132951","40","","Aggregated",3.30,0.00,130,150,150,170,260,310,380,380,380,380,380,380,61,0,79,100,6,375,122
"1592132953","40","","Aggregated",4.10,0.00,53,130,150,150,190,300,310,380,380,380,380,380,73,0,62,88,6,375,125
"1592132955","55","","Aggregated",4.60,0.00,44,130,150,150,190,300,380,380,380,380,380,380,81,0,55,81,6,375,126
"1592132957","60","","Aggregated",4.90,0.00,39,47,49,58,87,220,300,300,300,300,300,300,102,0,49,76,6,375,128
"1592132959","60","","Aggregated",4.80,0.00,31,45,49,57,140,250,250,300,300,300,300,300,117,0,47,72,6,375,126
"1592132961","60","","Aggregated",5.30,0.00,26,39,45,48,70,87,250,250,250,250,250,250,126,0,44,68,6,375,127
"1592132963","60","","Aggregated",6.10,0.00,30,39,47,48,87,140,250,250,250,250,250,250,135,0,43,67,6,375,126
"1592132965","73","","Aggregated",6.30,0.00,30,36,64,99,150,250,290,300,300,300,300,300,151,0,43,70,6,375,124
"1592132967","80","","Aggregated",7.20,0.00,38,85,140,180,300,370,420,430,430,430,430,430,185,0,46,85,6,427,124
"1592132969","80","","Aggregated",8.10,0.00,45,99,170,180,330,380,420,430,430,430,430,430,193,0,45,84,6,427,122
"1592132971","80","","Aggregated",8.10,0.00,44,96,170,180,330,380,420,430,430,430,430,430,205,0,44,82,6,427,121
"1592132973","80","","Aggregated",7.60,0.00,41,63,170,180,330,380,420,430,430,430,430,430,216,0,43,80,6,427,121
"1592132975","96","","Aggregated",7.90,0.00,29,56,170,180,330,380,420,430,430,430,430,430,235,0,40,76,6,427,122
"1592132977","100","","Aggregated",7.40,0.00,28,43,54,58,110,180,240,260,260,260,260,260,274,0,40,72,6,427,124
"1592132979","100","","Aggregated",8.30,0.00,28,43,54,58,110,230,240,260,260,260,260,260,291,0,39,72,6,427,122
"1592132981","100","","Aggregated",9.00,0.00,27,43,51,56,75,200,240,240,240,240,240,240,304,0,37,69,6,427,123
"1592132983","100","","Aggregated",10.20,0.00,28,39,51,55,77,190,240,240,240,240,240,240,323,0,36,68,6,427,123
"1592132985","120","","Aggregated",10.10,0.00,26,34,42,57,150,240,320,360,360,360,360,360,347,0,35,69,6,427,123
"1592132987","120","","Aggregated",11.60,0.00,32,47,140,150,200,240,320,360,630,630,630,630,382,0,36,72,6,633,160
"1592132989","120","","Aggregated",11.30,0.00,29,39,93,140,190,240,360,630,710,710,710,710,404,0,34,72,6,707,194
"1592132991","120","","Aggregated",11.60,0.00,30,47,130,150,190,250,360,630,710,710,710,710,426,0,34,71,6,707,189
"1592132993","120","","Aggregated",11.80,0.00,26,37,120,150,190,250,360,630,710,710,710,710,450,0,32,69,6,707,186
"1592132995","140","","Aggregated",12.80,0.00,26,37,66,150,190,220,350,630,710,710,710,710,477,0,32,68,6,707,182
"1592132997","140","","Aggregated",12.30,0.00,26,41,69,130,290,350,420,430,710,710,710,710,516,0,33,74,6,707,177
"1592132999","140","","Aggregated",12.60,0.00,25,37,62,80,290,310,420,420,430,430,430,430,548,0,31,72,6,707,175
"1592133001","140","","Aggregated",13.40,0.00,24,35,54,80,270,310,420,420,430,430,430,430,570,0,30,71,6,707,172
"1592133003","140","","Aggregated",14.10,0.00,24,36,62,80,270,310,420,420,430,430,430,430,596,0,30,69,6,707,170
"1592133005","160","","Aggregated",15.10,0.00,22,31,44,64,270,310,420,420,430,430,430,430,625,0,30,67,6,707,168
"1592133007","160","","Aggregated",14.60,0.00,28,38,59,74,190,230,300,330,550,550,550,550,668,0,31,70,6,707,165
"1592133009","160","","Aggregated",14.90,0.00,30,43,59,74,190,230,330,550,570,570,570,570,699,0,30,69,6,707,184
"1592133011","160","","Aggregated",15.60,0.00,29,40,52,66,120,220,310,550,570,570,570,570,733,0,30,67,6,707,181
"1592133013","160","","Aggregated",15.70,0.00,30,43,59,72,190,230,310,550,570,570,570,570,764,0,30,67,6,707,178
"1592133015","180","","Aggregated",15.70,0.00,27,38,48,64,200,230,310,550,570,570,570,570,798,0,30,66,6,707,176
"1592133017","180","","Aggregated",17.80,0.00,28,41,64,150,220,240,260,570,790,790,790,790,853,0,30,70,6,787,189
"1592133019","180","","Aggregated",18.60,0.00,30,44,110,170,220,250,260,310,790,790,790,790,878,0,30,70,6,787,186
"1592133021","180","","Aggregated",18.30,0.00,30,47,160,180,230,250,310,760,790,790,790,790,913,0,30,70,6,787,199
"1592133023","180","","Aggregated",18.50,0.00,28,42,97,170,220,250,290,760,790,790,790,790,948,0,29,68,6,787,197
"1592133025","200","","Aggregated",18.90,0.00,29,42,97,160,220,250,290,760,790,790,790,790,982,0,29,68,6,787,195
"1592133027","200","","Aggregated",18.20,0.00,28,37,73,93,200,220,320,370,760,760,760,760,1038,0,30,68,6,787,191
"1592133029","200","","Aggregated",18.90,0.00,26,33,50,74,140,210,320,370,760,760,760,760,1072,0,29,67,6,787,189
"1592133031","200","","Aggregated",18.20,0.00,26,33,50,63,110,210,360,450,490,490,490,490,1107,0,29,66,6,787,213
"1592133033","200","","Aggregated",19.10,0.00,27,36,57,69,110,210,370,490,530,530,530,530,1142,0,29,66,6,787,222
"1592133035","220","","Aggregated",19.10,0.00,27,44,66,82,160,210,370,490,850,850,850,850,1194,0,29,67,6,847,229
"1592133038","220","","Aggregated",19.20,0.00,26,57,79,100,180,230,510,810,850,850,850,850,1251,0,29,68,6,847,246
"1592133040","220","","Aggregated",20.70,0.00,24,51,82,120,180,230,510,810,850,850,850,850,1290,0,29,67,6,847,243
"1592133042","220","","Aggregated",21.50,0.00,27,51,82,120,180,220,270,510,850,850,850,850,1332,0,29,66,6,847,239
"1592133044","220","","Aggregated",21.40,0.00,28,48,79,96,170,210,250,400,810,810,810,810,1374,0,29,66,6,847,235
"1592133046","240","","Aggregated",22.10,0.00,27,37,54,72,150,200,250,310,510,510,510,510,1421,0,29,65,6,847,232
"1592133048","240","","Aggregated",22.70,0.00,33,51,94,140,250,380,530,540,590,590,590,590,1485,0,29,70,6,847,237
"1592133050","240","","Aggregated",22.40,0.00,31,51,95,150,250,440,540,550,590,590,590,590,1524,0,29,70,6,847,243
"1592133052","240","","Aggregated",23.50,0.00,42,92,140,170,280,440,540,580,790,790,790,790,1579,0,30,71,6,847,248
"1592133054","240","","Aggregated",24.70,0.00,46,93,160,180,320,520,580,790,1200,1200,1200,1200,1628,0,30,73,6,1153,270
"1592133056","260","","Aggregated",24.80,0.00,34,61,93,130,210,280,540,790,1200,1200,1200,1200,1685,0,30,72,6,1153,265
"1592133058","260","","Aggregated",24.90,0.00,35,74,140,160,270,350,790,1200,1500,1500,1500,1500,1738,0,30,74,6,1502,277
"1592133060","260","","Aggregated",25.40,0.00,27,57,97,150,270,350,790,1200,1500,1500,1500,1500,1789,0,29,74,6,1502,280
"1592133062","260","","Aggregated",26.40,0.00,22,46,68,93,210,300,630,1200,1500,1500,1500,1500,1834,0,29,73,6,1502,276
"1592133064","260","","Aggregated",25.50,0.00,23,35,57,78,190,270,390,630,1500,1500,1500,1500,1884,0,29,72,6,1502,272
"1592133066","280","","Aggregated",25.90,0.00,23,36,74,97,190,280,390,630,1500,1500,1500,1500,1940,0,29,72,6,1502,268
"1592133068","280","","Aggregated",25.50,0.00,25,49,110,180,470,700,710,810,980,980,980,980,2019,0,29,81,6,1502,262
"1592133070","280","","Aggregated",28.00,0.00,28,64,130,180,490,700,730,810,980,980,980,980,2068,0,29,81,6,1502,272
"1592133072","280","","Aggregated",27.60,0.00,33,66,130,180,490,700,730,810,980,980,980,980,2115,0,29,80,6,1502,269
"1592133074","280","","Aggregated",27.90,0.00,36,96,150,230,550,700,730,810,980,980,980,980,2169,0,29,80,6,1502,272
"1592133076","300","","Aggregated",28.60,0.00,27,52,73,87,150,300,500,760,1100,1100,1100,1100,2239,0,29,80,6,1502,273
"1592133078","300","","Aggregated",29.90,0.00,29,49,70,86,140,270,330,570,1100,1100,1100,1100,2305,0,29,79,6,1502,269
"1592133080","300","","Aggregated",28.40,0.00,29,51,72,86,170,280,320,500,1100,1100,1100,1100,2367,0,29,78,6,1502,266
"1592133082","300","","Aggregated",30.00,0.00,31,51,70,86,170,250,300,460,1100,1100,1100,1100,2426,0,29,78,6,1502,262
"1592133084","300","","Aggregated",29.60,0.00,26,42,55,70,140,200,290,310,640,640,640,640,2468,0,29,77,6,1502,266
"1592133086","320","","Aggregated",30.20,0.00,29,51,77,110,250,320,620,680,1700,1700,1700,1700,2553,0,30,80,6,1687,272
"1592133088","320","","Aggregated",30.50,0.00,36,64,110,140,250,320,620,680,1700,1700,1700,1700,2615,0,30,80,6,1687,268
"1592133090","320","","Aggregated",30.40,0.00,34,65,110,140,250,340,630,1000,1700,1700,1700,1700,2676,0,29,80,6,1687,271
"1592133092","320","","Aggregated",31.10,0.00,35,78,120,160,280,440,620,1000,1700,1700,1700,1700,2741,0,29,80,6,1687,267
"1592133094","320","","Aggregated",30.10,0.00,33,75,120,160,300,490,620,1000,1700,1700,1700,1700,2796,0,30,82,6,1687,269
"1592133096","340","","Aggregated",32.70,0.00,58,120,240,300,490,750,1000,1200,1600,1600,1600,1600,2852,0,30,89,6,1687,266
"1592133098","340","","Aggregated",31.80,0.00,170,360,470,540,820,1100,1200,1300,1600,1600,1600,1600,2920,0,31,101,6,1687,263
"1592133100","340","","Aggregated",30.80,0.00,280,440,570,740,1000,1300,2400,2500,2600,2600,2600,2600,3004,0,33,114,6,2566,259
"1592133102","340","","Aggregated",32.00,0.00,280,440,600,740,1000,1600,2500,2600,5100,5100,5100,5100,3069,0,33,118,6,5120,270
"1592133104","340","","Aggregated",34.30,0.00,160,360,490,640,1000,1300,2500,2600,5100,5100,5100,5100,3133,0,32,117,6,5120,267
"1592133106","360","","Aggregated",33.40,0.00,61,190,310,430,790,1300,2500,2600,5100,5100,5100,5100,3202,0,32,115,6,5120,264
"1592133108","360","","Aggregated",35.20,0.00,36,79,130,210,310,420,760,1000,5100,5100,5100,5100,3281,0,32,116,6,5120,264
"1592133110","360","","Aggregated",36.10,0.00,20,37,61,100,210,360,430,480,1000,1000,1000,1000,3365,0,31,115,6,5120,265
"1592133112","360","","Aggregated",36.30,0.00,19,34,56,87,210,360,430,480,1000,1000,1000,1000,3427,0,31,113,6,5120,263
"1592133114","360","","Aggregated",34.30,0.00,19,32,47,68,210,360,430,480,1000,1000,1000,1000,3484,0,30,111,6,5120,261
"1592133116","380","","Aggregated",36.20,0.00,17,26,40,63,170,260,330,350,720,720,720,720,3553,0,30,111,6,5120,258
"1592133118","380","","Aggregated",35.30,0.00,21,45,92,150,260,440,550,580,730,730,730,730,3658,0,31,113,6,5120,254
"1592133120","380","","Aggregated",37.60,0.00,34,100,180,210,340,500,610,670,880,880,880,880,3753,0,31,114,6,5120,251
"1592133122","380","","Aggregated",39.20,0.00,37,130,190,220,350,510,610,670,880,880,880,880,3816,0,31,113,6,5120,253
"1592133124","380","","Aggregated",39.10,0.00,36,110,180,210,340,500,610,670,880,880,880,880,3880,0,31,112,6,5120,251
"1592133126","400","","Aggregated",38.60,0.00,30,57,130,160,240,310,500,640,880,880,880,880,3957,0,31,111,6,5120,248
"1592133128","400","","Aggregated",40.40,0.00,31,63,120,170,310,360,560,690,1300,1300,1300,1300,4070,0,31,113,6,5120,248
"1592133130","400","","Aggregated",40.70,0.00,39,88,170,200,310,360,430,500,1300,1300,1300,1300,4145,0,32,113,6,5120,246
"1592133132","400","","Aggregated",38.10,0.00,40,84,130,180,300,350,420,450,1300,1300,1300,1300,4220,0,32,112,6,5120,244
"1592133134","400","","Aggregated",40.40,0.00,49,95,150,190,310,360,440,470,1300,1300,1300,1300,4284,0,32,111,6,5120,242
"1592133136","420","","Aggregated",40.40,0.00,45,75,110,130,220,300,370,440,980,980,980,980,4380,0,32,110,6,5120,243
"1592133138","420","","Aggregated",42.00,0.00,40,68,100,120,220,310,370,440,980,980,980,980,4470,0,32,110,6,5120,240
"1592133140","420","","Aggregated",39.80,0.00,51,80,120,150,270,380,530,640,980,980,980,980,4564,0,33,111,6,5120,238
"1592133142","420","","Aggregated",42.20,0.00,41,80,120,150,270,380,530,640,980,980,980,980,4640,0,33,110,6,5120,236
"1592133144","420","","Aggregated",41.70,0.00,31,65,94,120,240,330,470,540,930,930,930,930,4723,0,32,109,6,5120,234
"1592133146","440","","Aggregated",43.50,0.00,41,100,190,250,520,650,800,930,1200,1200,1200,1200,4830,0,33,114,6,5120,232
"1592133148","440","","Aggregated",43.70,0.00,40,110,210,260,510,640,800,930,1200,1200,1200,1200,4912,0,33,113,6,5120,230
"1592133150","440","","Aggregated",44.30,0.00,38,100,180,250,520,650,770,930,1200,1200,1200,1200,4993,0,33,114,6,5120,228
"1592133152","440","","Aggregated",43.20,0.00,59,130,210,260,520,650,770,930,1200,1200,1200,1200,5090,0,33,113,6,5120,226
"1592133154","440","","Aggregated",44.30,0.00,70,140,210,240,490,610,770,930,1200,1200,1200,1200,5164,0,33,113,6,5120,225
"1592133156","460","","Aggregated",44.10,0.00,51,110,140,180,290,370,520,610,1200,1200,1200,1200,5247,0,34,113,6,5120,226
"1592133158","460","","Aggregated",41.70,0.00,84,160,220,270,390,510,620,660,1200,1200,1200,1200,5367,0,34,115,6,5120,224
"1592133160","460","","Aggregated",45.30,0.00,58,120,200,220,350,440,560,640,1200,1200,1200,1200,5448,0,34,114,6,5120,222
"1592133162","460","","Aggregated",45.90,0.00,62,130,200,220,350,440,560,640,1200,1200,1200,1200,5532,0,34,114,6,5120,221
"1592133164","460","","Aggregated",44.60,0.00,53,120,200,220,360,460,570,680,1200,1200,1200,1200,5618,0,34,114,6,5120,222
"1592133166","480","","Aggregated",45.20,0.00,68,160,220,260,380,550,750,840,990,990,990,990,5701,0,35,118,6,5120,220
"1592133168","480","","Aggregated",45.90,0.00,120,240,340,410,590,700,840,960,3000,3000,3000,3000,5837,0,36,123,6,5120,223
"1592133170","480","","Aggregated",46.20,0.00,100,240,340,410,600,700,900,990,3000,3000,3000,3000,5924,0,36,122,6,5120,226
"1592133172","480","","Aggregated",47.30,0.00,160,260,340,410,600,730,840,990,3000,3000,3000,3000,6024,0,37,123,6,5120,227
"1592133174","480","","Aggregated",48.80,0.00,130,240,320,380,580,700,900,1100,3000,3000,3000,3000,6114,0,36,122,6,5120,230
"1592133176","500","","Aggregated",49.90,0.00,65,120,170,200,280,340,550,1100,3000,3000,3000,3000,6215,0,37,122,6,5120,228
"1592133178","500","","Aggregated",52.00,0.00,84,170,240,270,370,480,540,770,1300,1300,1300,1300,6308,0,38,124,6,5120,229
"1592133180","500","","Aggregated",47.70,0.00,170,290,390,520,930,1200,1300,1300,1400,1400,1400,1400,6383,0,39,134,6,5120,228
"1592133182","500","","Aggregated",44.30,0.00,150,360,530,670,1000,1300,1400,1500,4800,4800,4800,4800,6510,0,40,139,6,5120,230
"1592133184","500","","Aggregated",48.30,0.00,150,330,530,670,1100,1300,1400,1500,4800,4800,4800,4800,6607,0,41,139,6,5120,232
"1592133186","520","","Aggregated",48.20,0.00,190,370,590,730,1100,1300,1400,1500,4800,4800,4800,4800,6698,0,41,140,6,5120,233
"1592133188","520","","Aggregated",47.40,0.00,160,260,480,600,1000,1200,1400,1500,4800,4800,4800,4800,6819,0,42,141,6,5120,231
"1592133190","520","","Aggregated",50.70,0.00,130,210,250,300,460,570,730,1200,4800,4800,4800,4800,6927,0,43,143,6,5120,229
"1592133192","520","","Aggregated",55.50,0.00,130,220,260,300,460,560,730,880,4300,4300,4300,4300,7026,0,44,143,6,5120,232
"1592133194","520","","Aggregated",51.40,0.00,110,190,240,290,440,540,730,3100,4300,4300,4300,4300,7122,0,44,144,6,5120,237
"1592133196","540","","Aggregated",52.90,0.00,93,170,240,290,440,620,800,3200,4300,4300,4300,4300,7258,0,44,146,6,5120,240
"1592133198","540","","Aggregated",55.30,0.00,86,160,240,300,450,610,800,3100,4300,4300,4300,4300,7355,0,44,146,6,5120,240
"1592133200","540","","Aggregated",53.40,0.00,48,110,170,230,390,580,800,3200,4300,4300,4300,4300,7449,0,44,145,6,5120,239
"1592133202","540","","Aggregated",52.30,0.00,60,140,210,270,460,590,760,1500,3500,3500,3500,3500,7561,0,44,146,6,5120,239
"1592133204","540","","Aggregated",54.10,0.00,43,120,180,240,410,520,640,760,1500,1500,1500,1500,7651,0,44,145,6,5120,238
"1592133206","560","","Aggregated",52.60,0.00,120,210,280,340,460,550,760,1300,2000,2000,2000,2000,7776,0,46,148,6,5120,236
"1592133208","560","","Aggregated",52.00,0.00,160,260,330,390,500,810,1300,2000,2800,2800,2800,2800,7904,0,47,152,6,5120,234
"1592133210","560","","Aggregated",54.90,0.00,160,250,330,400,510,900,1500,2000,4800,4800,4800,4800,8005,0,47,152,5,5120,236
"1592133212","560","","Aggregated",55.10,0.00,130,230,280,340,480,900,1500,2200,4800,4800,4800,4800,8093,0,46,151,5,5120,235
"1592133214","560","","Aggregated",53.30,0.00,110,210,280,360,510,800,1300,2000,4800,4800,4800,4800,8226,0,47,151,5,5120,233
"1592133216","580","","Aggregated",54.40,0.00,61,120,170,210,320,460,610,710,4800,4800,4800,4800,8342,0,47,151,5,5120,232
"1592133218","580","","Aggregated",56.50,0.00,73,150,200,250,390,500,630,700,1100,1100,1100,1100,8458,0,48,152,5,5120,230
"1592133220","580","","Aggregated",55.30,0.00,84,170,240,290,440,570,700,980,2600,2600,2600,2600,8557,0,48,153,5,5120,236
"1592133222","580","","Aggregated",54.10,0.00,96,170,250,290,440,570,700,980,2600,2600,2600,2600,8674,0,47,152,5,5120,236
"1592133224","580","","Aggregated",57.20,0.00,89,170,220,250,360,490,700,980,2600,2600,2600,2600,8796,0,48,151,5,5120,234
"1592133226","600","","Aggregated",58.20,0.00,81,150,200,230,290,400,540,970,2600,2600,2600,2600,8935,0,49,151,5,5120,233
"1592133228","600","","Aggregated",55.90,0.00,87,150,190,220,290,380,510,570,3100,3100,3100,3100,9049,0,50,151,5,5120,236
"1592133230","600","","Aggregated",59.00,0.00,81,140,170,200,260,350,440,550,3100,3100,3100,3100,9179,0,49,151,5,5120,236
"1592133232","600","","Aggregated",62.20,0.00,84,140,180,200,260,350,440,490,3100,3100,3100,3100,9291,0,49,150,5,5120,235
"1592133234","600","","Aggregated",60.70,0.00,96,160,210,260,360,480,700,850,3100,3100,3100,3100,9368,0,50,151,5,5120,234
"1592133236","620","","Aggregated",59.00,0.00,150,290,400,490,830,1100,1500,1700,3100,3100,3100,3100,9491,0,52,159,5,5120,232
"1592133238","620","","Aggregated",58.40,0.00,280,450,590,670,940,1100,1500,1700,5700,5700,5700,5700,9642,0,54,165,5,5726,232
"1592133240","620","","Aggregated",59.90,0.00,290,450,580,650,920,1100,1500,1700,5700,5700,5700,5700,9766,0,54,164,5,5726,231
"1592133242","620","","Aggregated",58.50,0.00,320,460,600,670,950,1100,1700,5000,8400,8400,8400,8400,9874,0,55,168,5,8365,238
"1592133244","620","","Aggregated",59.30,0.00,250,370,460,540,800,1100,1700,5000,8400,8400,8400,8400,9966,0,56,168,5,8365,239
"1592133246","640","","Aggregated",60.20,0.00,200,300,380,440,640,870,1300,5000,8400,8400,8400,8400,10124,0,59,172,5,8365,237
"1592133248","640","","Aggregated",62.90,0.00,180,290,360,430,640,860,1300,4900,8400,8400,8400,8400,10218,0,59,173,5,8365,237
"1592133250","640","","Aggregated",56.70,0.00,290,460,630,720,1100,1600,2200,2600,5500,5500,5500,5500,10307,0,61,182,5,8365,236
"1592133252","640","","Aggregated",55.60,0.00,430,710,900,1000,1400,1900,2300,2600,5600,5600,5600,5600,10502,0,63,193,5,8365,235
"1592133254","640","","Aggregated",61.90,0.00,430,680,870,1000,1400,1900,2300,2400,5600,5600,5600,5600,10593,0,64,194,5,8365,234
"1592133256","660","","Aggregated",60.40,0.00,460,680,900,1000,1400,2000,2300,2600,5600,5600,5600,5600,10705,0,64,194,5,8365,234
"1592133258","660","","Aggregated",58.70,0.00,510,730,900,990,1400,1800,2200,2400,5600,5600,5600,5600,10885,0,67,201,5,8365,233
"1592133260","660","","Aggregated",63.10,0.00,310,500,640,720,920,1200,1400,1500,5600,5600,5600,5600,11003,0,68,201,5,8365,233
"1592133262","660","","Aggregated",68.80,0.00,270,430,530,590,790,920,1200,1400,4700,4700,4700,4700,11138,0,68,201,5,8365,234
"1592133264","660","","Aggregated",63.80,0.00,220,370,500,580,760,930,1200,1400,4700,4700,4700,4700,11230,0,68,201,5,8365,236
"1592133266","680","","Aggregated",64.80,0.00,240,360,450,520,740,950,1200,1400,4700,4700,4700,4700,11354,0,70,203,5,8365,234
"1592133268","680","","Aggregated",65.20,0.00,280,420,530,620,810,1000,1200,1400,4700,4700,4700,4700,11477,0,73,209,5,8365,233
"1592133270","680","","Aggregated",61.90,0.00,370,560,690,780,1000,1200,1500,1600,4000,4000,4000,4000,11656,0,75,215,5,8365,231
"1592133272","680","","Aggregated",63.10,0.00,450,600,720,790,1000,1200,1400,1500,1700,1700,1700,1700,11776,0,78,217,5,8365,230
"1592133274","680","","Aggregated",65.00,0.00,520,690,790,860,1000,1200,1400,1500,1700,1700,1700,1700,11880,0,80,221,5,8365,229
"1592133276","700","","Aggregated",63.10,0.00,490,680,790,860,1100,1200,1500,1600,1800,1800,1800,1800,12019,0,81,222,5,8365,228
"1592133278","700","","Aggregated",68.00,0.00,450,600,700,790,920,1100,1200,1400,2300,2300,2300,2300,12149,0,84,227,5,8365,227
"1592133280","700","","Aggregated",68.90,0.00,420,610,700,770,920,1100,1300,1600,14000,14000,14000,14000,12309,0,86,233,5,14362,230
"1592133282","700","","Aggregated",68.20,0.00,330,550,670,740,910,1100,1300,2300,14000,14000,14000,14000,12454,0,86,233,5,14362,231
"1592133284","700","","Aggregated",65.30,0.00,240,430,590,650,860,1000,1400,7100,14000,14000,14000,14000,12565,0,86,236,5,14362,235
"1592133286","720","","Aggregated",66.50,0.00,200,360,470,580,860,1100,2300,7100,14000,14000,14000,14000,12703,0,87,236,5,14362,236
"1592133288","720","","Aggregated",67.90,0.00,230,410,560,640,910,1100,1600,4400,14000,14000,14000,14000,12832,0,89,241,5,14362,235
"1592133290","720","","Aggregated",63.90,0.00,300,460,600,670,910,1100,1600,4400,10000,10000,10000,10000,13009,0,91,243,5,14362,234
"1592133292","720","","Aggregated",69.10,0.00,260,460,590,640,900,1000,1400,1800,5100,5100,5100,5100,13147,0,92,242,5,14362,234
"1592133294","720","","Aggregated",71.40,0.00,220,400,500,600,850,1000,1400,1600,5100,5100,5100,5100,13248,0,93,242,5,14362,233
"1592133296","740","","Aggregated",72.40,0.00,300,510,630,730,980,1200,1400,1600,5100,5100,5100,5100,13390,0,96,246,5,14362,232
"1592133298","740","","Aggregated",68.90,0.00,280,460,580,630,810,1000,1300,1400,5700,5700,5700,5700,13579,0,99,250,5,14362,233
"1592133300","740","","Aggregated",78.80,0.00,330,490,590,650,810,1000,1300,1500,5700,5700,5700,5700,13701,0,100,251,5,14362,233
"1592133302","740","","Aggregated",69.90,0.00,360,520,590,650,810,1000,1300,1500,5700,5700,5700,5700,13840,0,100,251,5,14362,233
"1592133304","740","","Aggregated",70.50,0.00,400,550,630,680,840,1000,1300,1500,5700,5700,5700,5700,13990,0,110,254,5,14362,232
"1592133306","760","","Aggregated",70.60,0.00,280,390,510,560,680,840,1200,1400,5700,5700,5700,5700,14087,0,110,254,5,14362,233
"1592133308","760","","Aggregated",70.20,0.00,400,610,720,820,1100,1300,1700,2000,5000,5000,5000,5000,14273,0,110,263,5,14362,231
"1592133310","760","","Aggregated",65.60,0.00,500,680,820,900,1100,1400,1700,1900,5000,5000,5000,5000,14411,0,110,266,5,14362,230
"1592133312","760","","Aggregated",68.60,0.00,580,730,870,970,1200,1400,1700,1900,9400,9400,9400,9400,14566,0,120,271,5,14362,230
"1592133314","760","","Aggregated",68.00,0.00,640,840,970,1000,1200,1500,1900,2000,11000,11000,11000,11000,14715,0,120,276,5,14362,230
"1592133316","780","","Aggregated",68.90,0.00,580,760,920,1000,1200,1400,1700,1900,13000,13000,13000,13000,14868,0,120,277,5,14362,230
"1592133318","780","","Aggregated",72.00,0.00,490,660,770,850,1100,1300,1700,1900,13000,13000,13000,13000,14977,0,120,281,5,14362,231
"1592133320","780","","Aggregated",70.00,0.00,450,630,770,850,1100,1300,1700,2000,13000,13000,13000,13000,15137,0,130,284,5,14362,232
"1592133322","780","","Aggregated",74.50,0.00,330,480,610,700,930,1100,1300,1900,13000,13000,13000,13000,15309,0,130,283,5,14362,232
"1592133324","780","","Aggregated",76.00,0.00,240,350,450,520,740,940,1200,2100,13000,13000,13000,13000,15439,0,130,282,5,14362,232
"1592133326","800","","Aggregated",78.20,0.00,250,410,480,550,760,950,1100,1400,13000,13000,13000,13000,15594,0,130,282,5,14362,231
"1592133328","800","","Aggregated",75.60,0.00,250,420,500,580,870,1000,1200,1400,11000,11000,11000,11000,15733,0,130,286,5,14362,230
"1592133330","800","","Aggregated",76.30,0.00,360,620,800,920,1300,1600,2500,2700,6200,6200,6200,6200,15889,0,130,296,5,14362,229
"1592133332","800","","Aggregated",68.70,0.00,680,920,1100,1200,1500,1800,2500,2700,2900,2900,2900,2900,16027,0,140,303,5,14362,228
"1592133334","800","","Aggregated",68.60,0.00,920,1200,1300,1400,1700,2300,2500,2700,3300,3300,3300,3300,16164,0,140,312,5,14362,228
"1592133336","820","","Aggregated",69.20,0.00,970,1200,1400,1400,1700,2300,2600,2800,3300,3300,3300,3300,16338,0,140,317,5,14362,226
"1592133338","820","","Aggregated",75.10,0.00,1000,1200,1400,1500,1800,2400,2700,2800,3300,3300,3300,3300,16447,0,150,321,5,14362,226
"1592133340","820","","Aggregated",74.60,0.00,960,1200,1400,1400,1700,2100,2500,2800,3300,3300,3300,3300,16631,0,150,329,5,14362,225
"1592133342","820","","Aggregated",76.50,0.00,800,1100,1200,1400,1600,2100,2500,2800,3300,3300,3300,3300,16808,0,150,331,5,14362,224
"1592133344","820","","Aggregated",77.10,0.00,700,880,1100,1200,1500,1700,2300,2500,3300,3300,3300,3300,16875,0,150,332,5,14362,223
"1592133346","840","","Aggregated",74.30,0.00,820,1100,1300,1400,1600,1900,2300,2600,3300,3300,3300,3300,17013,0,160,340,5,14362,222
"1592133348","840","","Aggregated",67.00,0.00,980,1300,1400,1500,1700,1800,2000,2300,3300,3300,3300,3300,17181,0,160,349,5,14362,221
"1592133350","840","","Aggregated",73.90,0.00,1300,1500,1600,1700,2100,2400,2900,3000,3300,3300,3300,3300,17305,0,170,361,5,14362,221
"1592133352","840","","Aggregated",71.10,0.00,1500,1700,1900,2100,2600,3000,3400,3900,4200,4200,4200,4200,17433,0,170,374,5,14362,220
"1592133354","840","","Aggregated",65.10,0.00,1600,1800,2000,2200,2600,3000,3600,4100,5500,5500,5500,5500,17580,0,170,385,5,14362,219
"1592133356","860","","Aggregated",69.80,0.00,1500,1900,2200,2300,2700,3100,4000,4300,6300,6300,6300,6300,17778,0,180,397,5,14362,218
"1592133358","860","","Aggregated",73.70,0.00,1600,2000,2300,2400,2800,3100,4100,4400,30000,30000,30000,30000,17910,0,180,408,5,30361,218
"1592133360","860","","Aggregated",70.40,0.00,1600,1900,2300,2400,2800,3200,4100,4600,30000,30000,30000,30000,18017,0,180,416,5,30361,218
"1592133362","860","","Aggregated",70.30,0.00,1400,1700,2000,2200,2800,3300,4200,4800,32000,32000,32000,32000,18201,1,190,429,5,32067,218
"1592133364","860","","Aggregated",75.00,0.10,1400,1800,2100,2300,2800,3500,4200,4600,32000,32000,32000,32000,18364,1,190,440,5,32067,217
"1592133366","880","","Aggregated",73.60,0.10,1400,1700,2000,2200,2900,3500,4100,4500,35000,35000,35000,35000,18466,1,200,446,5,35069,217
"1592133368","880","","Aggregated",72.50,0.10,1300,1700,2000,2300,2900,3600,4100,4300,35000,35000,35000,35000,18637,1,200,457,5,35069,216
"1592133370","880","","Aggregated",71.70,0.10,1400,1700,2000,2200,2900,3600,4100,4500,37000,37000,37000,37000,18784,1,200,470,5,37108,217
"1592133372","880","","Aggregated",75.70,0.10,1500,1800,2100,2200,2600,3100,3600,3900,37000,37000,37000,37000,18921,1,210,481,5,37108,217
"1592133374","880","","Aggregated",77.20,0.00,1500,1800,2000,2200,2500,3000,3500,3900,37000,37000,37000,37000,19113,1,210,490,5,37108,216
"1592133376","900","","Aggregated",77.90,0.00,1400,1700,2000,2200,2600,3400,4700,4900,42000,42000,42000,42000,19259,1,210,500,5,41825,217
"1592133378","900","","Aggregated",77.00,0.00,1200,1600,1800,2000,2500,3100,4700,4900,42000,42000,42000,42000,19460,1,220,507,5,41825,216
"1592133380","900","","Aggregated",80.20,0.00,1100,1400,1700,1900,2500,3200,4700,4900,42000,42000,42000,42000,19595,1,220,511,5,41825,215
"1592133382","900","","Aggregated",78.90,0.00,900,1100,1300,1400,1900,2900,4700,5000,44000,44000,44000,44000,19818,1,230,520,5,43500,216
"1592133384","900","","Aggregated",82.20,0.00,810,1100,1200,1400,1800,2700,4700,5100,44000,44000,44000,44000,19937,1,230,525,5,43500,217
"1592133386","920","","Aggregated",82.80,0.00,740,1000,1200,1300,1600,1900,2700,4400,47000,47000,47000,47000,20128,1,240,531,5,46901,218
"1592133388","920","","Aggregated",85.80,0.00,630,880,1000,1200,1500,1800,2300,2500,47000,47000,47000,47000,20287,1,240,532,5,46901,217
"1592133390","920","","Aggregated",83.80,0.00,530,730,880,1000,1300,1700,2300,2500,47000,47000,47000,47000,20501,1,240,534,5,46901,217
"1592133392","920","","Aggregated",87.20,0.00,510,690,810,880,1200,1700,2200,2400,47000,47000,47000,47000,20630,1,250,536,5,46901,217
"1592133394","920","","Aggregated",86.30,0.00,540,730,860,1000,1400,1800,2200,2400,48000,48000,48000,48000,20739,1,250,541,5,48023,217
"1592133396","940","","Aggregated",79.70,0.00,670,890,1200,1400,1900,2200,2900,3400,48000,48000,48000,48000,20830,1,250,554,5,48023,219
"1592133398","940","","Aggregated",70.30,0.00,950,1500,1900,2100,2600,3000,3700,39000,49000,49000,49000,49000,20970,1,250,569,5,49395,219
"1592133400","940","","Aggregated",68.80,0.00,1900,2200,2500,2800,3200,3800,4300,38000,49000,49000,49000,49000,21148,1,260,587,5,49395,219
"1592133402","940","","Aggregated",69.60,0.00,2200,2700,3000,3200,3700,4100,5800,38000,49000,49000,49000,49000,21310,1,260,607,5,49395,219
"1592133404","940","","Aggregated",67.90,0.00,2500,3000,3300,3400,3900,4300,7600,38000,49000,49000,49000,49000,21398,1,270,618,5,49395,219
"1592133406","960","","Aggregated",67.50,0.00,2700,3200,3400,3700,4200,4900,5600,7900,43000,43000,43000,43000,21581,60,270,633,1,49395,219
"1592133408","960","","Aggregated",72.30,1.70,2300,3100,3400,3700,4300,5000,5800,7600,41000,41000,41000,41000,21811,196,270,642,1,49395,219
"1592133410","960","","Aggregated",84.50,15.30,2000,3400,3900,4300,5400,6400,7100,7400,41000,41000,41000,41000,22074,328,270,665,1,49395,218
"1592133412","960","","Aggregated",91.10,29.50,340,2700,3500,4000,5400,6400,7200,7400,41000,41000,41000,41000,22233,328,270,666,1,49395,219
"1592133414","960","","Aggregated",90.10,32.70,280,1100,3100,3800,5400,6400,7200,7400,41000,41000,41000,41000,22347,328,270,668,1,49395,220
"1592133416","980","","Aggregated",95.30,32.70,280,530,940,2900,5600,6600,7400,31000,41000,41000,41000,41000,22490,328,270,675,1,49395,223
"1592133418","980","","Aggregated",98.00,31.00,410,860,1100,1400,5500,6700,7400,31000,41000,41000,41000,41000,22608,328,270,678,1,49395,223
"1592133420","980","","Aggregated",84.10,17.40,670,1100,1400,1500,2100,2800,4300,33000,41000,41000,41000,41000,22763,328,280,687,1,49395,222
"1592133422","980","","Aggregated",68.80,3.20,1100,1500,1800,2000,2400,3100,4100,25000,36000,36000,36000,36000,22944,334,280,695,1,49395,221
"1592133424","980","","Aggregated",67.50,0.00,1500,1900,2100,2300,3100,4600,5600,6400,36000,36000,36000,36000,23077,334,290,706,1,49395,221
"1592133426","1000","","Aggregated",72.70,0.60,1900,2200,2400,2800,3600,4600,5300,5600,6400,6400,6400,6400,23200,334,290,717,1,49395,220
"1592133428","1000","","Aggregated",68.60,0.60,2000,2400,2600,2900,3600,4700,5300,5600,6400,6400,6400,6400,23317,334,290,725,1,49395,220
"1592133430","1000","","Aggregated",66.90,0.60,2200,2500,3000,3300,4600,5300,6100,7000,9000,9000,9000,9000,23475,334,300,741,1,49395,219
"1592133432","1000","","Aggregated",74.90,0.60,2400,2800,3200,3600,4800,5600,7600,14000,16000,16000,16000,16000,23632,334,300,759,1,49395,219
"1592133434","1000","","Aggregated",75.10,0.60,2700,3100,3600,4300,9500,14000,16000,16000,17000,17000,17000,17000,23840,337,310,807,1,49395,218
"1592133436","1020","","Aggregated",74.20,0.30,2600,3200,3700,4400,9400,14000,16000,16000,44000,44000,44000,44000,23999,337,310,819,1,49395,218
"1592133438","1020","","Aggregated",75.80,0.30,2800,3500,4400,4700,9500,14000,16000,16000,44000,44000,44000,44000,24111,343,320,832,1,49395,217
"1592133440","1020","","Aggregated",82.10,0.80,2700,3300,4000,4500,9900,14000,16000,16000,44000,44000,44000,44000,24215,343,320,840,1,49395,217
"1592133442","1020","","Aggregated",75.20,0.90,2800,3500,4200,4500,5800,11000,15000,16000,44000,44000,44000,44000,24372,343,330,855,1,49395,216
"1592133444","1020","","Aggregated",73.70,0.90,2700,3600,4100,4400,5200,5800,6200,6500,44000,44000,44000,44000,24534,357,330,872,1,49395,216
"1592133446","1040","","Aggregated",69.20,2.00,2700,3500,4000,4300,5200,5800,6200,7100,52000,52000,52000,52000,24709,373,340,887,1,51615,215
"1592133448","1040","","Aggregated",69.50,2.10,2700,3500,4100,4500,5700,6300,7900,8600,52000,52000,52000,52000,24874,373,340,908,1,51615,215
"1592133450","1040","","Aggregated",73.20,3.10,2800,3700,4400,4900,6000,7400,8700,9100,52000,52000,52000,52000,25039,387,350,928,1,51615,214
"1592133452","1040","","Aggregated",76.60,3.50,2700,3400,4300,4700,6200,7400,8500,9100,52000,52000,52000,52000,25291,471,350,941,1,51615,214
"1592133454","1040","","Aggregated",87.10,9.00,2400,3100,3800,4400,6100,7300,8400,9100,52000,52000,52000,52000,25534,606,350,946,1,51615,213
"1592133456","1060","","Aggregated",99.70,20.90,2000,2900,3700,4300,6100,7300,8300,8900,13000,13000,13000,13000,25682,614,350,943,1,51615,213
"1592133458","1060","","Aggregated",98.70,25.60,1000,2100,3000,3400,4900,6400,8000,8700,13000,13000,13000,13000,25822,614,360,944,1,51615,212
"1592133460","1060","","Aggregated",93.30,24.10,800,1500,2000,2700,4200,5400,6400,6800,8200,8200,8200,8200,25916,614,360,947,1,51615,212
"1592133462","1060","","Aggregated",89.30,23.60,940,1600,2200,2400,3000,3400,4100,4500,7000,7000,7000,7000,26066,614,370,956,1,51615,211
"1592133464","1060","","Aggregated",77.90,18.10,1500,2300,2800,3000,3500,4000,4400,4600,26000,26000,26000,26000,26260,623,370,970,1,51615,211
"1592133466","1080","","Aggregated",65.80,5.00,2100,2700,3000,3200,3600,4100,4500,4800,26000,26000,26000,26000,26401,623,380,978,1,51615,210
"1592133468","1080","","Aggregated",70.30,0.90,2600,3100,3300,3500,4000,4500,4900,5400,26000,26000,26000,26000,26512,623,380,989,1,51615,210
"1592133470","1080","","Aggregated",74.60,0.90,3000,3500,3700,4000,4600,4900,6500,7300,53000,53000,53000,53000,26639,640,390,1011,1,53463,210
"1592133472","1080","","Aggregated",74.50,1.40,3500,4000,4400,4600,5400,6100,7800,35000,72000,72000,72000,72000,26830,653,390,1045,1,72085,209
"1592133474","1080","","Aggregated",76.10,2.90,3700,4400,4700,4900,5900,6900,9700,44000,72000,72000,72000,72000,26955,660,400,1059,1,72085,209
"1592133476","1100","","Aggregated",81.00,4.30,3900,4600,4900,5300,6100,7300,11000,35000,72000,72000,72000,72000,27146,735,400,1074,1,72085,208
"1592133478","1100","","Aggregated",74.10,4.50,3500,4200,4700,4900,6100,8300,12000,14000,58000,72000,72000,72000,27575,940,410,1098,1,72085,208
"1592133480","1100","","Aggregated",91.20,20.90,3200,3900,4500,4900,5900,8100,12000,13000,58000,72000,72000,72000,27709,1018,400,1097,1,72085,208
"1592133482","1100","","Aggregated",106.90,38.60,1900,3300,3900,4200,5500,7400,11000,12000,14000,14000,14000,14000,27822,1018,400,1096,1,72085,207
"1592133484","1100","","Aggregated",100.70,37.50,930,2900,3500,3800,4900,6600,11000,12000,14000,14000,14000,14000,27931,1018,410,1096,1,72085,207
"1592133486","1120","","Aggregated",95.30,35.90,1400,2100,2800,3100,3900,4800,11000,12000,14000,14000,14000,14000,28119,1018,410,1101,1,72085,206
"1592133488","1120","","Aggregated",97.00,35.00,1300,1700,2000,2200,2900,3600,4100,5400,12000,12000,12000,12000,28241,1018,420,1106,1,72085,206
"1592133490","1120","","Aggregated",77.90,18.60,1700,2200,2600,2900,3300,3800,4100,4200,4600,4600,4600,4600,28350,1018,420,1115,1,72085,206
"1592133492","1120","","Aggregated",64.70,0.40,2400,3000,3300,3600,4100,4900,5400,5900,6800,6800,6800,6800,28492,1018,430,1129,1,72085,205
"1592133494","1120","","Aggregated",66.60,0.00,3000,3800,4300,4700,5500,6700,8100,8200,97000,97000,97000,97000,28639,1022,430,1157,1,97003,205
"1592133496","1140","","Aggregated",63.40,0.00,3900,4500,5000,5300,6400,7800,9200,9400,97000,97000,97000,97000,28840,1050,440,1188,1,97003,205
"1592133498","1140","","Aggregated",74.50,2.70,4300,5000,5500,5900,7100,8000,9200,9400,97000,97000,97000,97000,28961,1057,450,1205,1,97003,204
"1592133500","1140","","Aggregated",70.50,3.30,4500,5200,5700,6200,7700,8800,11000,77000,106000,106000,106000,106000,29168,1092,450,1251,1,106060,204
"1592133502","1140","","Aggregated",78.60,6.50,4300,5000,5600,6100,7700,8800,11000,77000,106000,106000,106000,106000,29337,1127,460,1259,1,106060,204
"1592133504","1140","","Aggregated",82.10,7.60,4000,4800,5500,6100,7300,9000,11000,55000,106000,106000,106000,106000,29391,1148,460,1263,1,106060,204
"1592133506","1160","","Aggregated",86.60,13.00,3300,4300,4900,5700,8300,9900,15000,17000,103000,106000,106000,106000,29942,1462,470,1300,1,106060,203
"1592133508","1160","","Aggregated",112.10,40.80,2300,3700,4500,4800,8200,9900,15000,17000,103000,106000,106000,106000,30073,1462,470,1295,1,106060,203
"1592133511","1160","","Aggregated",113.80,41.10,1100,2300,3800,4300,7700,9700,14000,15000,16000,16000,16000,16000,30170,1462,470,1294,1,106060,202
"1592133513","1160","","Aggregated",99.90,36.80,1000,1800,3300,4100,7600,9700,14000,15000,16000,16000,16000,16000,30290,1462,470,1293,1,106060,202
"1592133515","1160","","Aggregated",101.50,36.80,810,1200,1300,1600,2200,3100,4400,4800,5200,5200,5200,5200,30451,1462,480,1297,1,106060,202
"1592133517","1180","","Aggregated",101.10,31.40,1400,2100,2500,2800,3400,4300,5000,5200,7500,7500,7500,7500,30602,1462,490,1305,1,106060,201
"1592133519","1180","","Aggregated",63.70,0.90,2100,2800,3100,3500,4600,6100,6900,7400,8000,8000,8000,8000,30705,1462,490,1316,1,106060,201
"1592133521","1180","","Aggregated",62.50,0.00,3100,3700,4100,4600,5500,6600,7200,7500,40000,40000,40000,40000,30861,1466,500,1333,1,106060,201
"1592133523","1180","","Aggregated",68.20,0.00,3900,4600,5100,5300,6500,7000,7800,7900,52000,52000,52000,52000,31019,1479,500,1354,1,106060,200
"1592133525","1180","","Aggregated",70.30,0.60,4400,5100,5500,6100,6900,7400,8300,10000,52000,52000,52000,52000,31162,1480,510,1373,1,106060,200
"1592133527","1200","","Aggregated",71.10,1.80,4800,5500,6100,6500,7200,8300,9900,11000,52000,52000,52000,52000,31428,1549,520,1402,1,106060,200
"1592133529","1200","","Aggregated",70.60,2.30,4900,5700,6200,6500,7200,8800,10000,11000,52000,52000,52000,52000,31595,1631,520,1411,1,106060,199
"1592133531","1200","","Aggregated",89.00,16.90,4800,5600,6200,6600,8200,9400,10000,11000,52000,88000,88000,88000,31975,1781,530,1442,1,106060,199
"1592133533","1200","","Aggregated",107.50,29.10,4400,5600,6200,6600,8200,9300,10000,11000,88000,88000,88000,88000,32067,1781,530,1443,1,106060,199
"1592133535","1200","","Aggregated",107.50,31.30,3100,5000,5800,6200,7500,9200,10000,11000,88000,88000,88000,88000,32156,1781,530,1445,1,106060,199
"1592133537","1220","","Aggregated",99.40,30.10,2200,4000,5100,5800,7400,9200,10000,11000,88000,88000,88000,88000,32257,1781,540,1448,1,106060,199
"1592133539","1220","","Aggregated",81.60,23.80,2300,3200,3800,4200,5600,7300,9100,9500,59000,59000,59000,59000,32352,1781,540,1455,1,106060,198
"1592133541","1220","","Aggregated",74.90,15.00,3000,3500,3900,4000,4600,5200,6200,6900,59000,59000,59000,59000,32528,1781,550,1468,1,106060,198
"1592133543","1220","","Aggregated",56.80,2.80,3700,4100,4400,4600,5300,6000,7000,8200,59000,59000,59000,59000,32697,1781,560,1484,1,106060,198
"1592133545","1220","","Aggregated",60.80,0.00,4000,4600,4900,5200,5800,6200,7700,9100,11000,11000,11000,11000,32814,1781,570,1499,1,106060,197
"1592133547","1240","","Aggregated",58.00,0.00,4700,5300,5600,5900,6500,7200,10000,12000,13000,13000,13000,13000,32928,1791,570,1515,1,106060,197
"1592133549","1240","","Aggregated",70.50,1.00,5000,5400,5900,6200,7000,8700,10000,11000,13000,13000,13000,13000,33337,1970,580,1542,1,106060,197
"1592133551","1240","","Aggregated",96.50,17.80,5000,5400,5900,6300,7600,8900,10000,12000,16000,16000,16000,16000,33639,2099,580,1559,1,106060,196
"1592133553","1240","","Aggregated",112.00,31.20,4900,5500,6200,6600,8500,11000,16000,16000,18000,18000,18000,18000,33871,2246,580,1578,1,106060,196
"1592133555","1240","","Aggregated",116.50,45.60,770,5200,5800,6300,8100,10000,16000,17000,57000,116000,116000,116000,34076,2441,570,1575,1,116429,197
"1592133557","1260","","Aggregated",125.50,65.40,220,3600,5100,5800,8300,10000,16000,18000,57000,116000,116000,116000,34193,2444,580,1573,1,116429,197
"1592133559","1260","","Aggregated",124.00,65.20,190,1100,1500,1900,8100,14000,16000,18000,116000,116000,116000,116000,34324,2444,580,1572,1,116429,197
"1592133561","1260","","Aggregated",117.00,59.50,690,1200,1400,1500,2100,3000,6600,7400,116000,116000,116000,116000,34395,2470,580,1573,1,116429,197
"1592133563","1260","","Aggregated",76.40,37.70,1500,2000,2500,2900,3300,3600,4000,4200,43000,43000,43000,43000,34620,2476,600,1582,1,116429,196
"1592133565","1260","","Aggregated",74.40,23.70,2100,2900,3200,3400,4000,5500,6100,7000,55000,55000,55000,55000,34751,2513,600,1594,1,116429,196
"1592133567","1280","","Aggregated",66.80,7.70,3200,3600,3900,4100,5100,6000,7100,7900,68000,68000,68000,68000,34917,2526,610,1609,1,116429,196
"1592133569","1280","","Aggregated",75.90,8.20,3400,3800,4300,4700,5800,6600,7300,8300,68000,68000,68000,68000,35069,2526,620,1621,1,116429,196
"1592133571","1280","","Aggregated",74.60,8.20,3700,4300,4900,5500,6400,7400,8600,9400,68000,68000,68000,68000,35269,2575,620,1633,1,116429,196
"1592133573","1280","","Aggregated",85.90,9.00,3800,4500,5400,6000,7800,9000,10000,11000,68000,68000,68000,68000,35638,2748,620,1653,1,116429,195
"1592133575","1280","","Aggregated",91.50,17.80,3800,4500,5400,6100,7900,9200,10000,11000,11000,11000,11000,11000,35840,2873,620,1658,1,116429,195
"1592133577","1300","","Aggregated",110.30,36.10,3400,4700,6000,6400,8200,9800,11000,12000,14000,60000,60000,60000,36105,3041,620,1669,1,116429,195
"1592133579","1300","","Aggregated",120.10,50.90,410,4200,6000,6500,9600,11000,14000,14000,18000,60000,60000,60000,36380,3257,610,1677,1,116429,195
"1592133581","1300","","Aggregated",129.60,71.60,220,590,4500,6000,8800,11000,14000,14000,18000,60000,60000,60000,36525,3335,600,1671,1,116429,195
"1592133583","1300","","Aggregated",127.00,77.50,340,590,940,5300,8500,12000,14000,14000,119000,119000,119000,119000,36659,3335,610,1671,1,119308,195
"1592133585","1300","","Aggregated",105.00,60.10,380,920,1500,1700,7500,12000,14000,14000,119000,119000,119000,119000,36844,3335,610,1674,1,119308,195
"1592133587","1320","","Aggregated",99.40,46.20,670,1200,1600,1800,2600,4300,4800,5100,119000,119000,119000,119000,36922,3335,620,1677,1,119308,195
"1592133589","1320","","Aggregated",79.70,30.00,1700,2700,3100,3500,4300,4800,5100,5200,119000,119000,119000,119000,37099,3335,630,1686,1,119308,195
"1592133591","1320","","Aggregated",73.10,9.30,2900,3800,4200,4400,4900,5300,6800,31000,127000,127000,127000,127000,37238,3355,630,1708,1,126753,194
"1592133593","1320","","Aggregated",68.30,1.30,3900,4500,4800,4900,5700,6400,8200,9600,127000,127000,127000,127000,37391,3373,640,1723,1,126753,194
"1592133595","1320","","Aggregated",68.10,2.50,4700,5200,5800,6100,8400,8800,9400,31000,127000,127000,127000,127000,37530,3376,640,1746,1,126753,194
"1592133597","1340","","Aggregated",69.60,4.10,4800,5700,6100,6500,8200,8900,9900,31000,165000,165000,165000,165000,37868,3516,650,1769,1,165135,194
"1592133599","1340","","Aggregated",90.60,13.90,4800,5700,6100,6600,7800,8700,9400,11000,105000,165000,165000,165000,38213,3655,650,1786,1,165135,194
"1592133601","1340","","Aggregated",108.80,30.80,4800,5700,6200,7000,8500,9200,11000,13000,165000,179000,179000,179000,38529,3832,660,1809,1,178779,193
"1592133603","1340","","Aggregated",129.10,46.60,4600,5600,6200,7000,8500,9100,11000,13000,165000,179000,179000,179000,38652,3837,660,1808,1,178779,193
"1592133605","1340","","Aggregated",127.60,47.70,1200,4800,5400,6000,7500,8800,11000,12000,38000,179000,179000,179000,38747,3837,660,1806,1,178779,193
"1592133607","1360","","Aggregated",124.00,46.40,1400,3600,4800,5200,7500,8900,11000,13000,179000,179000,179000,179000,38853,3837,670,1808,1,178779,193
"1592133609","1360","","Aggregated",105.20,36.30,1600,2500,3900,5200,7700,9300,12000,14000,179000,179000,179000,179000,38942,3837,670,1811,1,178779,193
"1592133611","1360","","Aggregated",73.20,19.40,2800,3800,4300,4700,6300,6900,7400,7500,137000,137000,137000,137000,39169,3849,680,1833,1,178779,192
"1592133613","1360","","Aggregated",63.50,3.70,3500,4200,4700,5000,5900,6700,6900,7100,137000,137000,137000,137000,39309,3850,690,1842,1,178779,192
"1592133615","1360","","Aggregated",69.00,1.30,4300,4900,5400,5600,6500,6800,7200,8200,137000,137000,137000,137000,39472,3851,700,1857,1,178779,192
"1592133617","1380","","Aggregated",67.60,1.30,4800,5500,6100,6300,6800,7800,9700,11000,137000,137000,137000,137000,39570,3851,700,1870,1,178779,192
"1592133619","1380","","Aggregated",68.60,1.40,5700,6200,6500,6700,9100,11000,12000,13000,137000,137000,137000,137000,39849,3851,710,1908,1,178779,191
"1592133621","1380","","Aggregated",89.40,1.40,6000,6400,6700,7000,9800,11000,12000,13000,13000,13000,13000,13000,39974,3852,720,1921,1,178779,191
"1592133623","1380","","Aggregated",81.10,0.20,5900,6400,6800,7200,10000,11000,12000,13000,105000,105000,105000,105000,40247,3975,720,1936,1,178779,191
"1592133625","1380","","Aggregated",90.30,10.70,5700,6300,6800,7100,10000,11000,12000,13000,105000,105000,105000,105000,40449,4125,720,1938,1,178779,191
"1592133627","1400","","Aggregated",100.90,26.50,5300,6100,7000,7900,11000,12000,13000,14000,105000,113000,113000,113000,40871,4354,720,1969,1,178779,191
"1592133629","1400","","Aggregated",127.00,44.90,560,5600,6500,7300,9600,12000,13000,15000,105000,113000,113000,113000,41144,4578,710,1970,1,178779,191
"1592133631","1400","","Aggregated",127.20,67.20,410,5100,6700,7500,10000,13000,14000,15000,113000,180000,180000,180000,41332,4670,710,1982,1,180049,190
"1592133633","1400","","Aggregated",138.40,81.90,560,1400,6200,7400,10000,13000,14000,15000,113000,180000,180000,180000,41487,4670,710,1980,1,180049,190
"1592133635","1400","","Aggregated",127.50,78.60,640,1700,5900,7400,10000,13000,14000,16000,113000,180000,180000,180000,41563,4670,720,1980,1,180049,190
"1592133637","1420","","Aggregated",113.10,55.50,1300,2200,2600,2900,4000,10000,13000,14000,180000,180000,180000,180000,41783,4670,720,1984,1,180049,190
"1592133639","1420","","Aggregated",96.00,37.00,2300,3000,3300,3400,4000,4900,13000,15000,181000,181000,181000,181000,41970,4685,730,1998,1,180709,190
"1592133641","1420","","Aggregated",88.20,16.00,2900,3300,3600,3900,4500,4900,5400,6100,181000,181000,181000,181000,42127,4696,740,2010,1,180841,190
"1592133643","1420","","Aggregated",79.50,2.40,3400,3900,4400,4600,5000,5600,6100,6300,181000,181000,181000,181000,42250,4707,750,2018,1,180841,189
"1592133645","1420","","Aggregated",77.60,3.70,4100,4600,4900,5100,5900,6400,7300,8700,181000,181000,181000,181000,42409,4719,760,2035,1,180841,189
"1592133647","1440","","Aggregated",83.70,4.60,4600,5200,5700,5900,6600,7200,8600,9300,181000,181000,181000,181000,42759,4878,760,2050,1,180841,189
"1592133649","1440","","Aggregated",92.30,16.90,4800,5400,5800,6100,6800,7500,9000,9600,135000,181000,181000,181000,43067,5051,760,2057,1,180841,189
"1592133651","1440","","Aggregated",107.80,35.10,5000,5700,6200,6600,7900,8800,10000,12000,38000,135000,135000,135000,43437,5207,760,2076,1,180841,189
"1592133653","1440","","Aggregated",125.30,48.70,4700,5700,6200,6600,8100,9200,12000,14000,135000,179000,179000,179000,43690,5405,760,2088,1,180841,189
"1592133655","1440","","Aggregated",135.00,56.60,320,5300,5900,6300,8000,9300,12000,15000,179000,180000,180000,180000,43811,5518,750,2088,1,180841,189
"1592133657","1460","","Aggregated",141.10,80.20,410,4700,5400,5900,7900,9400,13000,15000,179000,180000,180000,180000,43974,5518,760,2084,1,180841,189
"1592133659","1460","","Aggregated",127.30,67.90,790,1400,5300,6000,8200,9800,13000,20000,180000,180000,180000,180000,44061,5518,760,2084,1,180841,189
"1592133661","1460","","Aggregated",98.90,48.40,1200,2800,3200,3400,3900,4400,7300,23000,180000,180000,180000,180000,44278,5520,770,2095,1,180841,189
"1592133663","1460","","Aggregated",87.80,33.80,2900,3300,3600,3700,4100,4400,4600,4700,180000,180000,180000,180000,44384,5520,770,2099,1,180841,189
"1592133665","1460","","Aggregated",73.00,15.30,3200,3600,3900,4100,4700,5800,6500,6800,180000,180000,180000,180000,44453,5520,780,2104,1,180841,188
"1592133667","1480","","Aggregated",60.50,0.20,4200,5400,6300,6700,7400,7800,8200,8300,180000,180000,180000,180000,44647,5523,790,2129,1,180841,188
"1592133669","1480","","Aggregated",64.50,0.50,5100,6500,7200,7400,8100,8800,9700,10000,180000,180000,180000,180000,44849,5530,800,2152,1,180841,188
"1592133671","1480","","Aggregated",76.40,0.90,6700,7400,7800,8200,8900,9500,10000,11000,159000,159000,159000,159000,44958,5544,800,2165,1,180841,188
"1592133673","1480","","Aggregated",68.80,1.60,6700,7400,8000,8400,9300,10000,11000,12000,159000,159000,159000,159000,45175,5673,800,2174,1,180841,188
"1592133675","1480","","Aggregated",76.20,13.80,6700,7600,8400,8700,9600,11000,13000,14000,159000,180000,180000,180000,45570,5878,800,2201,1,180841,188
"1592133677","1500","","Aggregated",107.20,31.50,6200,8100,8700,9000,11000,12000,14000,14000,180000,181000,181000,181000,45824,6028,800,2218,1,180841,187
"1592133679","1500","","Aggregated",116.90,47.70,5400,8400,9000,9500,12000,14000,15000,15000,180000,181000,181000,181000,46007,6117,800,2235,1,180841,187
"1592133681","1500","","Aggregated",120.70,59.00,1000,8600,10000,11000,14000,15000,17000,19000,181000,181000,181000,181000,46496,6405,810,2274,1,181128,187
"1592133683","1500","","Aggregated",147.60,81.60,500,8000,9700,10000,14000,15000,17000,19000,181000,181000,181000,181000,46732,6641,800,2263,1,181128,187
"1592133685","1500","","Aggregated",152.50,91.90,270,1100,9500,10000,14000,15000,17000,19000,181000,181000,181000,181000,46950,6802,790,2262,1,181128,188
"1592133687","1520","","Aggregated",141.70,96.70,320,890,1300,9700,12000,15000,17000,19000,178000,181000,181000,181000,47058,6802,790,2258,1,181128,188
"1592133689","1520","","Aggregated",126.40,80.20,300,1100,1500,2000,11000,14000,17000,19000,178000,181000,181000,181000,47183,6802,790,2258,1,181128,188
"1592133691","1520","","Aggregated",113.10,68.50,360,1500,2200,2800,3400,4000,4300,4800,178000,178000,178000,178000,47341,6802,800,2261,1,181128,188
"1592133693","1520","","Aggregated",90.10,45.10,2200,3200,3500,3900,4200,4800,5200,5400,178000,178000,178000,178000,47475,6802,810,2267,1,181128,187
"1592133695","1520","","Aggregated",78.60,22.50,3700,4300,4500,4800,5400,6200,6700,7000,7600,7600,7600,7600,47654,6802,820,2278,1,181128,187
"1592133697","1540","","Aggregated",70.20,0.00,4300,5000,5300,5700,6400,7200,7600,8400,9400,9400,9400,9400,47804,6808,820,2290,1,181128,187
"1592133699","1540","","Aggregated",75.10,0.60,5300,6000,6400,6800,7500,8300,8900,9100,182000,182000,182000,182000,48009,6809,840,2313,1,181730,187
"1592133701","1540","","Aggregated",80.60,0.70,5800,6500,6900,7200,7900,8600,9000,9200,182000,182000,182000,182000,48195,6862,840,2323,1,181730,187
"1592133703","1540","","Aggregated",81.70,2.20,6100,6900,7400,7700,8900,10000,12000,12000,182000,182000,182000,182000,48374,6954,840,2340,1,181730,187
"1592133705","1540","","Aggregated",88.90,14.00,6200,7500,8200,8700,9800,11000,12000,12000,116000,182000,182000,182000,48789,7191,850,2359,1,181730,186
"1592133707","1560","","Aggregated",106.20,31.30,6600,7900,8700,9200,10000,12000,12000,13000,180000,182000,182000,182000,49219,7399,850,2387,1,181730,186
"1592133709","1560","","Aggregated",132.90,53.60,5400,7900,8900,9400,11000,12000,13000,15000,174000,180000,180000,180000,49557,7651,850,2408,1,181730,187
"1592133711","1560","","Aggregated",155.90,78.40,1000,7900,8900,9500,11000,12000,13000,15000,174000,180000,180000,180000,49697,7679,840,2402,1,181730,186
"1592133713","1560","","Aggregated",150.10,85.50,960,7600,8400,9100,10000,12000,13000,14000,174000,180000,180000,180000,49817,7679,850,2399,1,181730,186
"1592133715","1560","","Aggregated",144.90,73.70,900,1900,7500,7900,10000,12000,13000,15000,174000,180000,180000,180000,49948,7679,850,2397,1,181730,186
"1592133717","1580","","Aggregated",122.50,56.40,1100,1700,2200,2600,8100,11000,13000,14000,72000,72000,72000,72000,50054,7679,860,2398,1,181730,186
"1592133719","1580","","Aggregated",91.90,33.50,1600,2200,2800,3100,3800,4200,4600,5100,5700,5700,5700,5700,50155,7679,860,2400,1,181730,186
"1592133721","1580","","Aggregated",62.10,8.60,2800,3800,4300,4600,6500,7900,8400,8600,9200,9200,9200,9200,50300,7679,870,2411,1,181730,186
"1592133723","1580","","Aggregated",63.10,0.00,4200,5300,6100,6500,7500,8100,8400,8600,9200,9200,9200,9200,50418,7679,880,2420,1,181730,186
"1592133725","1580","","Aggregated",59.60,0.00,5700,6800,7200,7500,8000,8400,9200,9800,11000,11000,11000,11000,50526,7679,890,2431,1,181730,185
"1592133727","1600","","Aggregated",60.40,0.00,6600,7700,8300,8700,11000,12000,13000,14000,14000,14000,14000,14000,50736,7756,890,2451,1,181730,185
"1592133729","1600","","Aggregated",61.70,3.00,7600,9000,10000,10000,12000,12000,13000,14000,14000,14000,14000,14000,50965,7854,890,2470,1,181730,185
"1592133731","1600","","Aggregated",81.20,15.90,7900,10000,11000,11000,12000,13000,13000,14000,146000,146000,146000,146000,51259,8002,900,2495,1,181730,185
"1592133733","1600","","Aggregated",90.60,28.20,9500,11000,11000,12000,12000,13000,14000,14000,44000,146000,146000,146000,51523,8121,900,2518,1,181730,185
"1592133735","1600","","Aggregated",108.90,41.60,9400,11000,12000,12000,13000,14000,15000,15000,44000,146000,146000,146000,51822,8310,890,2534,1,181730,185
"1592133737","1620","","Aggregated",120.90,57.20,9500,11000,12000,13000,14000,15000,16000,17000,143000,146000,146000,146000,52234,8547,890,2574,1,181730,185
"1592133739","1620","","Aggregated",143.20,76.90,830,12000,13000,13000,14000,15000,18000,18000,143000,146000,146000,146000,52586,8774,890,2595,1,181730,185
"1592133741","1620","","Aggregated",145.10,78.60,550,12000,13000,13000,15000,16000,18000,18000,119000,143000,143000,143000,52757,8818,890,2591,1,181730,185
"1592133743","1620","","Aggregated",150.00,85.70,690,1800,13000,13000,15000,16000,18000,19000,119000,143000,143000,143000,52901,8818,890,2587,1,181730,184
"1592133745","1620","","Aggregated",136.90,72.30,1100,2400,12000,13000,14000,16000,18000,19000,119000,143000,143000,143000,53050,8818,900,2586,1,181730,184
"1592133747","1640","","Aggregated",122.80,56.70,1200,2000,2500,2800,13000,15000,18000,18000,19000,19000,19000,19000,53149,8818,910,2586,1,181730,184
"1592133749","1640","","Aggregated",105.40,34.00,2100,2700,3200,3500,4300,4600,4900,14000,19000,19000,19000,19000,53324,8818,920,2590,1,181730,184
"1592133751","1640","","Aggregated",89.90,19.40,2800,3700,4300,4600,5100,5900,6400,6800,7400,7400,7400,7400,53463,8818,920,2597,1,181730,184
"1592133753","1640","","Aggregated",73.20,0.00,4000,4700,5200,5500,6800,7400,8300,8700,61000,61000,61000,61000,53563,8820,930,2606,1,181730,184
"1592133755","1640","","Aggregated",68.70,0.10,4900,6300,7100,7500,8600,9300,9700,10000,61000,61000,61000,61000,53684,8823,940,2619,1,181730,184
"1592133757","1660","","Aggregated",65.50,0.20,6900,7900,8400,8600,9600,10000,11000,12000,117000,117000,117000,117000,53833,8874,950,2639,1,181730,184
"1592133759","1660","","Aggregated",67.10,5.50,8200,8900,9500,9700,10000,11000,12000,16000,117000,117000,117000,117000,53978,8878,950,2658,1,181730,183
"1592133761","1660","","Aggregated",66.10,5.90,9000,9700,10000,11000,11000,13000,14000,34000,181000,181000,181000,181000,54213,8940,960,2690,1,181730,183
"1592133763","1660","","Aggregated",71.10,8.20,9300,10000,11000,11000,12000,13000,14000,15000,181000,181000,181000,181000,54546,9079,970,2715,1,181730,183
"1592133765","1660","","Aggregated",87.10,19.70,9400,10000,11000,11000,13000,14000,15000,15000,117000,181000,181000,181000,54894,9233,970,2737,1,181730,183
"1592133767","1680","","Aggregated",121.20,36.00,9300,10000,11000,12000,13000,15000,16000,17000,98000,181000,181000,181000,55269,9399,970,2763,1,181730,183
"1592133769","1680","","Aggregated",126.10,44.50,8700,9800,11000,11000,13000,15000,16000,17000,72000,181000,181000,181000,55679,9599,980,2783,1,181730,183
"1592133771","1680","","Aggregated",154.80,62.20,7600,9400,10000,11000,13000,15000,16000,17000,19000,72000,72000,72000,55863,9692,970,2777,1,181730,183
"1592133773","1680","","Aggregated",168.80,79.20,590,8700,9500,10000,12000,15000,16000,17000,19000,72000,72000,72000,56022,9692,960,2771,1,181730,183
"1592133775","1680","","Aggregated",156.30,67.60,700,7600,9100,9600,11000,15000,17000,17000,19000,72000,72000,72000,56132,9692,960,2771,1,181730,182
"1592133777","1700","","Aggregated",124.10,51.20,1100,2700,3700,7600,9600,11000,12000,17000,72000,111000,111000,111000,56307,9702,980,2772,1,181730,182
"1592133779","1700","","Aggregated",115.20,38.00,1800,2700,3100,3400,4400,5500,6100,9900,111000,111000,111000,111000,56410,9710,980,2775,1,181730,182
"1592133781","1700","","Aggregated",83.60,20.30,3000,4000,4600,4900,5600,6300,6700,6900,111000,111000,111000,111000,56576,9724,990,2782,1,181730,182
"1592133783","1700","","Aggregated",65.40,2.90,4300,5100,5500,5800,6600,7200,8000,8200,111000,111000,111000,111000,56691,9726,1000,2790,1,181730,182
"1592133785","1700","","Aggregated",70.40,3.40,5400,6400,6800,7000,7700,8200,8700,9500,142000,142000,142000,142000,56900,9742,1000,2808,1,181730,182
"1592133787","1720","","Aggregated",81.00,4.10,5900,6800,7200,7500,8600,9900,13000,13000,142000,142000,142000,142000,57207,9905,1000,2816,1,181730,182
"1592133789","1720","","Aggregated",84.70,15.40,6500,7300,8100,8300,9600,12000,13000,15000,142000,181000,181000,181000,57482,10045,1000,2838,1,181730,182
"1592133791","1720","","Aggregated",99.40,28.60,6900,8300,9000,9600,12000,13000,14000,16000,181000,181000,181000,181000,57875,10276,1000,2863,1,181730,182
"1592133793","1720","","Aggregated",126.60,45.60,6700,8400,9300,10000,13000,13000,15000,15000,181000,181000,181000,181000,58169,10483,1000,2868,1,181730,182
"1592133795","1720","","Aggregated",136.00,65.20,600,9100,11000,11000,13000,13000,15000,16000,181000,181000,181000,181000,58506,10666,1000,2883,1,181730,182
"1592133797","1740","","Aggregated",149.90,84.90,310,9300,11000,11000,13000,14000,15000,16000,181000,181000,181000,181000,58946,10973,1000,2891,1,181730,182
"1592133799","1740","","Aggregated",172.10,99.90,160,610,11000,11000,13000,14000,15000,16000,19000,181000,181000,181000,59233,11236,980,2878,1,181730,182
"1592133801","1740","","Aggregated",179.30,114.90,140,410,9700,11000,12000,14000,15000,17000,19000,56000,56000,56000,59363,11236,980,2874,1,181730,182
"1592133803","1740","","Aggregated",157.70,105.90,170,880,2100,11000,12000,13000,15000,18000,19000,56000,56000,56000,59458,11236,980,2872,1,181730,182
"1592133805","1740","","Aggregated",139.80,85.80,140,910,2000,2700,11000,14000,14000,18000,19000,56000,56000,56000,59531,11244,990,2873,1,181730,182
"1592133807","1760","","Aggregated",112.60,65.40,1200,3200,3800,4200,4900,5300,5600,6000,56000,56000,56000,56000,59747,11246,1000,2879,1,181730,181
"1592133809","1760","","Aggregated",83.20,39.30,4000,4600,4900,5000,5400,5600,5900,6100,56000,56000,56000,56000,59912,11246,1000,2885,1,181730,181
"1592133811","1760","","Aggregated",72.90,10.90,4700,5100,5300,5500,5900,6100,6500,6600,9900,9900,9900,9900,60078,11246,1000,2892,1,181730,181
"1592133813","1760","","Aggregated",76.60,1.00,5200,5700,6100,6400,8600,9200,9800,10000,31000,31000,31000,31000,60256,11261,1000,2907,1,181730,181
"1592133815","1760","","Aggregated",77.40,2.50,5600,6500,7400,7700,9000,9500,10000,10000,31000,31000,31000,31000,60388,11277,1000,2918,1,181730,181
"1592133817","1780","","Aggregated",85.50,3.90,6000,7400,8000,8400,9100,9700,10000,12000,180000,180000,180000,180000,60604,11404,1000,2928,1,181730,181
"1592133819","1780","","Aggregated",85.60,10.80,7000,8100,8700,9000,10000,12000,13000,16000,154000,180000,180000,180000,60999,11604,1000,2948,1,181730,181
"1592133821","1780","","Aggregated",106.30,29.00,7700,8800,9500,10000,12000,14000,15000,16000,154000,180000,180000,180000,61389,11774,1000,2973,1,181730,181
"1592133823","1780","","Aggregated",116.80,45.40,7300,8800,9600,10000,13000,14000,15000,16000,154000,180000,180000,180000,61728,11971,1000,2983,1,181730,181
"1592133825","1782","","Aggregated",139.90,61.60,740,8900,10000,11000,13000,15000,17000,18000,180000,181000,181000,181000,62014,12160,1000,2995,1,181730,181
"1592133827","1800","","Aggregated",154.60,79.90,500,9300,11000,12000,14000,15000,18000,19000,131000,181000,181000,181000,62500,12496,1000,3006,1,181730,181
"1592133829","1800","","Aggregated",180.10,99.50,300,8600,10000,12000,14000,15000,18000,19000,51000,181000,181000,181000,62803,12768,1000,2998,1,181730,181
"1592133831","1800","","Aggregated",177.20,112.10,240,520,9500,11000,13000,16000,18000,19000,51000,181000,181000,181000,62875,12770,1000,2996,1,181730,181
"1592133833","1800","","Aggregated",161.30,107.00,290,1400,2100,10000,13000,16000,18000,19000,51000,181000,181000,181000,63062,12770,1000,2992,1,181730,180
"1592133835","39","","Aggregated",139.00,89.30,360,1700,2700,3200,11000,14000,17000,18000,22000,22000,22000,22000,63168,12770,1000,2993,1,181730,180
"1592133836","0","","Aggregated",139.00,89.30,310,1700,2500,2800,11000,14000,17000,18000,22000,22000,22000,22000,63168,12770,1000,2993,1,181730,180
